text,hashtags
my wife you re strong inspirational caring amazing wife and good mother to our kids i m forever grateful,[]
thank you the one in bottom middle pic was reebok he died at age three of a heart problem my last baby is dying he s still running around eating amp so on our vet is the son of one of lee s high school friends out of a senior class of six zero at least two are veterinarians,[]
so good i had to share check out all the items i m loving on poshmark fashion style shopmycloset adidas reebok goldengoose,"['#poshmark', '#fashion', '#style', '#shopmycloset', '#adidas', '#reebok', '#goldengoose:']"
reebok men s or women s kineti new price dollars four eight zero zero deals new deals discounts follow for latest deals,"['#Deals', '#newDeals', '#Discounts']"
reebok men s or women s kineti new price dollars four eight zero zero deals new deals discounts follow for latest deals,"['#Deals', '#newDeals', '#Discounts']"
i feel like it s not gonna last much longer for me if i can t pull myself together but kids clothes are way better tbh specifically boys tees in brand names like champion and reebok and nike ect they are the best and so cheap too,[]
you are the kindest soul ever you have been there for me throughout my life amp you call daily to check up on me i am grateful for your kind gestures and sincere compassion and concern as a widow and pensioner you are my saviour i am most appreciative of your deeds,[]
bloody companies that ok with making money on blood of ukrainian kids how many kids have to die for your s a n ctions boycott russia stop putin n o w stand with ukraine,"['#bloodyCompanies,', '#BoycottRussia', '#StopPutinNOW', '#StandWithUkraine']"
you have supported me during my late years of studying amp i m grateful amp totally indebted to you for the financial physical amp emotional support i m now a qualified pharmacist amp i love my profession better late than never amp i m grateful for you the gem of my life,[]
save rs three eight zero on reebok men s floatride shoes deal price rs four one seven nine mrp rs four five five nine saving eight india save online india amazon uttarpradesh westbengal gujarat delhi,"['#Reebok', '#shoes', '#IndiaSaveOnline', '#India', '#Amazon', '#Uttarpradesh', '#Westbengal', '#Gujarat', '#Delhi']"
money color peacock thugging in my reebok s cut the dreads and relock fuck the feds i buck the feds u buck the feds and link up ima z but my diamonds v cut,[]
over four zero off the reebok question low phillies dollars one six five zero zero via snipesusa,[]
reebok men s regular fit t shirt offer price three five six zero zero mrp one four nine nine zero zero saving seven six reviews three seven out of five stars category apparel deal loot,"['#apparel', '#deal', '#loot']"
oferta amazon reebok royal cl jogger three zapatillas hombre two seven eight nine euros antes five zero zero zero euros,"['#Oferta', '#Amazon']"
is the epitome of a perfect caring amp kind hearted mum wife amp teacher her humility amp selflessness together with her service to community enhances her inner amp outer beauty she adds value to all who come into contact with her i am forever indebted to her,[]
five the manufacturer distributor and retailer of sports apparel closed a deal with authentic brands group via its financial sponsors cvc capital partners and hps investment partners to be purchased through a leveraged buyout for dollars two four six billion,[]
gurl shut ur btch ass up your fave issa nicki minaj wanna be a copy a fraud but without no talent so who are you miss reebok lady fan to say something huh,[]
a shout out to who completed her b com degree in accounting cum laude amp despite having major hip surgery amp the pandemic hurdle she is a determined young woman who achieved dean s commendation she taught me that hard work amp perseverance always pays off,[]
i love ur warrior spirit ur beauty your humbleness amp strength how you approach a battle amp win amp when u fail you always say the comeback is even sweeter thank you for being my pillar i celebrate you your zeal and your determination shero,['#Shero']
worlds most messed customer care company look no further welcome to if you dont expect a reply or no refund email at customer care you can pat your backs later when you get messed up replies from toll free no one eight zero zero one two zero four four zero zero india,[]
reebok is good quality stuff at affordable price reebok nike adidas puma fitness newbalance crossfit sneakers converse reebokclassic reebokoriginal fashion vans shoes asics sport skechers jordan fila workout underarmour reebokmu,"['#reebok', '#nike', '#adidas', '#puma', '#fitness', '#newbalance', '#crossfit', '#sneakers', '#converse', '#reebokclassic', '#reebokoriginal', '#fashion', '#vans', '#shoes', '#asics', '#sport', '#skechers', '#jordan', '#fila', '#workout', '#underarmour', '#reebokmuâ€¦']"
amazon nine one eight five four reebok royal cl jogger three zapatillas unisex adulto white collegiate navy black four four eu two seven eight nine euros five zero zero zero euros,['#Amazon']
bring on yer internazionale two zero zero one zero three european home by all set for another night under the anfield lights very simple but effective design with yellow logos perfectly complimented by the white collar and cuffs up the reds lfc u c l,"['#LFC', '#UCL']"
core one zero by reebok women s loose fitting long sleeve shirt semi orange flare goes from three four nine zero to one three eight zero dollars core one zero by reebok women s short sleeve logo tee vector navy goes from two four nine zero to nine eight zero dollars dr scholl s sh,[]
a strong woman with a heart of gold beautiful inside and out,[]
ad reebok question low phillies for only dollars six nine nine nine shipping buy here gt,[]
super hot deal get it for only dollars five two zero zero,[]
goodtechnical treadmill universal magnet safety key for all nordictrack proform image weslo reebok epic golds gym freemotion and healthrider treadmills,[]
who attended that meeting were not diverse enough reebok israel email list without any reference to the real problem,"['#Israel', '#Email', '#List']"
so good i had to share check out all the items i m loving on from poshmark fashion style shopmycloset reebok harleydavidson robertgraham,"['#poshmark', '#fashion', '#style', '#shopmycloset', '#reebok', '#harleydavidson', '#robertgraham:']"
ajio coupon flat rs three zero zero discount on rs nine nine nine free shipping visit here on ninedeals lee cooper jeans style provogue reebok aeropostale instafashion fashion instagood style ootd fashionista love like instalike follow fashionstyle,"['#on9deals', '#LeeCooper', '#Jeans', '#style', '#Provogue', '#Reebok', '#Aeropostale', '#instafashion', '#fashion', '#instagood', '#style', '#ootd', '#fashionista', '#love', '#like', '#instalike', '#follow', '#fashionstyle']"
reebok men s classic leather sneaker shopping style ootd outfit fashion onlineshopping shop shoppingaddict dress beautiful shoptillyoudrop fashionista sale beauty cool design cute model outfitoftheday trendy a m a z o n b e s t s e l l e,"['#shopping', '#style', '#ootd', '#outfit', '#fashion', '#onlineshopping', '#shop', '#shoppingaddict', '#dress', '#beautiful', '#shoptillyoudrop', '#fashionista', '#sale', '#beauty', '#cool', '#design', '#cute', '#model', '#outfitoftheday', '#trendy', '#AMAZON', '#BESTSELLE...']"
promo journee de la femme reebok womens club c eight five four six seven four euros three five au three eight one two,"['#Promo]', '#JourneeDeLaFemme']"
topic vallure watch elgin metal bezel bracelet ice link gold bike chain stainless steel sweater original fables major influence designer pants m society stretch skinny fit sneakers reebok unisex adult,[]
amazon nine one eight two zero reebok bluetooth step two zero two one red one zero zero eight zero euros one six nine nine nine euros,['#Amazon']
reebok nano x styles this sale is a wee bit better than than our previous mention in january with five zero across select styles from four zero in january with coupon code nanosteal,[]
original reebok dominick cruz males s ufc jersey mma champion t shirt hairytornado trending ebay business dollars one zero zero gol follow us on freestuff drofvideo trending preown mokemoney two zero two two mettaverse,"['#hairytornado', '#Trending', '#EbayBusiness', '#Gol', '#freestuff', '#drofvideo', '#trending', '#preown', '#mokemoney2022', '#mettaverse']"
v p security email lists he wondered at the strategy a second video with the same slogan who will win has two one eight thousand one zero views this material shows fernando casanova an athlete specializing in obstacle courses,['#VPSecurityEmailLists']
ronda rousey ufc reebok ladies s jersey black blue ufc two zero seven rowdy t shirt hairytornado trending ebay business dollars one zero zero gol follow us on freestuff drofvideo trending preown mokemoney two zero two two mettaverse,"['#hairytornado', '#Trending', '#EbayBusiness', '#Gol', '#freestuff', '#drofvideo', '#trending', '#preown', '#mokemoney2022', '#mettaverse']"
it s not dffrnt my guy beside u can tell the person to wear reebok wen h eb feels like wearing j s yh,[]
us reebok launches spring summer two zero two two yoga collection for women,[]
reebok men s regular fit t shirt size l three five six regular price seven nine nine,[]
reebok men s solid regular fit t shirt gk seven eight two nine l black large at three five six mrp one four nine nine discount one one four three seven six link for more information visit,[]
are you active and or participating in the nft world the company plans to release nfts and accept crypto payments nft crypto reebok,"['#NFT', '#Crypto', '#Reebok']"
reebok slice cvc size four zero four five price n two seven zero zero zero brand reebok delivery within two fourhrs lagos residents four eight seven twohrs others states out nigeria kindly send a dm reebok sneakercollector sneaker footwear blackie fn,"['#Reebok', '#Sneakercollector', '#Sneaker', '#Footwear', '#BlackieFn']"
reebok zig kinetica edge sizes eu four zero four five us six one one price tag is ugx one nine zero zero zero zero call whatsapp two five six seven five five three nine three six one zero for deliveries payansneakers,['#PayanSneakers']
flat six zero off sale reebok s online store flat eight cashback extra off from xerve shop now gt skip cashback amp shop gt reebok xerve cashback international womens day offers bags shoes fitness fashion womens day two zero two two,"['#reebok', '#xerve', '#cashback', '#InternationalWomensDay', '#offers', '#bags', '#shoes', '#fitness', '#fashion', '#WomensDay2022']"
reebok original aerobic step,[]
mr jackson imma need those reebok g unit jawns all white wit the navy and red i m good money lol take me back to get rich or die trying days lawd,[]
fire proof ballers elite team champions fp one basketball aau reebok hoopers champion championships nba lester community center,"['#FP1', '#basketball', '#aau', '#reebok', '#hoopers', '#champion', '#championships', '#nba']"
well shit i thought once you saw my rad gold chain my pimped out iroc z and saw my phenomenal reebok pumps you d leave everything behind girl dammit,[]
i need to figure out what my summer shoe is gonna be i did gum sole reebok classics mad years in a row and i don t want no ups,[]
i went cheap on the reebok unfortunately and got the replica i got the authentic indo when the adidas one was released,[]
check out this listing i just added to my poshmark closet euc vintage golden state warrior reebok long sleeve shirt twox shopmycloset,"['#Poshmark', '#shopmycloset']"
i have the same puma for years blue it s faded like seeing this just dey totori mi just yesterday the reebok i ve been falling in love with today this again god pls bless my client to pay me,[]
reebok seamless boyshorts four pack available in eight colors dealsfromjade boyshorts undies women womensweardaily greatprice underwear seamless namebrand greatdeal onlineshopping deals clothing,"['#DealsFromJade', '#Boyshorts', '#undies', '#women', '#womensweardaily', '#greatprice', '#underwear', '#seamless', '#namebrand', '#greatdeal', '#onlineshopping', '#Deals', '#Clothing']"
dorotheaia bauer likes fitness capital fm kenya reebok,"['#CapitalFmKenya', '#Reebok']"
for classic running reebok classic or saucony jazz throw in some dr scholl s gels for extra cushioning for the money nike tuned are the best personal opinion from personal experience,[]
absolutely awesome ones will be dollars five zero dollars one zero zero real good ones dollars one zero zero and the rest get the reebok this year things are getting much tighter,[]
six zero off reebok s zig kinetica sale reebok,[]
zulily up to seven seven off reebok apparel items starting at dollars one zero nine nine coupon,['#coupon']
reebok x hot ones legacy are on sale four zero off no code needed click here to order gt ad,[]
check out this listing i just added to my poshmark closet sale reebok men s workout pants shopmycloset,"['#Poshmark', '#shopmycloset']"
check out this listing i just added to my poshmark closet golden state warriors troy murphy jersey reebok twoxl nba shopmycloset,"['#Poshmark', '#shopmycloset']"
love the shirt rob your wife did a great job i don t care for the symbolism reebok uses if you get a chance check out this page on all the pagan symbolism they shove down our throats reebok and many others we see every day are they,[]
these reebok safety shoes feel so good,[]
reebok nano x styles five zero off free shipping deal news amazon ebay walmart discounts coupons deals,"['#Amazon', '#Ebay', '#Walmart', '#Discounts', '#Coupons', '#Deals:']"
this is about the pollution problem it solves that problem by one zero zero then every else will play copycat amp do the same thing i m doing they can t do an original idea just like reebok nike adidas skechers asics are making stuff out of plastic bottles recyclable one guy did,[]
money color peacock thuggin in my reebok s cut the dreads amp re lock buck the feds i bucked the feds,[]
reebok women s princess sneaker shopping style ootd outfit fashion onlineshopping shop shoppingaddict dress beautiful shoptillyoudrop fashionista sale beauty cool design cute model outfitoftheday trendy a m a z o n b e s t s e l l e r b e,"['#shopping', '#style', '#ootd', '#outfit', '#fashion', '#onlineshopping', '#shop', '#shoppingaddict', '#dress', '#beautiful', '#shoptillyoudrop', '#fashionista', '#sale', '#beauty', '#cool', '#design', '#cute', '#model', '#outfitoftheday', '#trendy', '#AMAZON', '#BESTSELLER', '#BE...']"
select sizes under one zero for the phillies throwback reebok question low retro are dollars five zero off retail at dollars six nine nine nine shipping promotion b u y here gt,['#promotion']
are you getting caught up in the nft world the company plans to release nfts and accept crypto payments,[]
mane need to add sum reebok to my shoe collection,[]
sad what s happening to brittany i blame the wnba for not paying the females here in the united states as well as they should be getting paid so that way they won t have to play overseas to get paid nike adidas reebok should pump more money into these females they re great,[]
dollarscenn dayum back to the one four zero s couldnt squeeze an orange couldnt pump a reebok pump sneaker uncle hillbilly what happened here today,[]
reebok studio deck aerobic step gym platform workout bench fitness equipment new ebay,[]
check out this great deal at reebok today only get the reebok hiit two women s training shoes for just dollars three nine nine nine free shipping reebok,['#reebok']
one five zero zero cost that nigga like one zero mil he trippin,[]
i ve got a bunch of jerseys with price drops a thread first is a byfuglien edge two zero five six jersey dropped from dollars two two nine gt dollars one nine nine gojetsgo,['#GoJetsGo']
under dollars fiveo use zig six zero men s amp women s styles tons of sizes and colors avail free ship for memb email signup req ad dd three seven two two reebok nike menswear mensfashion mensstyle mondayvibes workout workoutwednesday womensshoes mensshoes shoes,"['#dd3722', '#reebok', '#nike', '#menswear', '#mensfashion', '#mensstyle', '#mondayvibes', '#workout', '#workoutwednesday', '#womensshoes', '#mensshoes', '#shoes']"
it s called restock something ur fav is not use apparently guys didn t have money to by her kmart buy one get one free or bundling five dollar album or buy one get one free concert tickets my fave had done four collection with reebok and they keep come back for more because they sell,[]
it s honestly not even worth dollars one zero zero you got reebok classics that are dollars five zero dollars seven five with better leather lol,[]
commemorate the accomplishments of one of the greatest hockey players to ever play the game with this special detroit red wings dylan larkin all star skater record t shirt from reebok,[]
lol i have to disagree she had steve madden fashion nova reebok pepsi lyft etc companies have been trying to collaborate with her since she first dropped,[]
ad time to get out and play some ball available via reebok us reebok pump omni zone ii dollars one five zero free shipping vector red gt gt bright cobalt gt gt,[]
ronda rousey ufc reebok walkout mens jersey black blue ufc two zero seven rowdy hairytornado trending ebay business dollars one zero zero gol follow us on freestuff drofvideo trending preown mokemoney two zero two two mettaverse,"['#hairytornado', '#Trending', '#EbayBusiness', '#Gol', '#freestuff', '#drofvideo', '#trending', '#preown', '#mokemoney2022', '#mettaverse']"
help me i requested to return shose but no one come here to pickup shose and i have called four time to costumer service but nothing happened my order no six one seven nine three nine three nine two,[]
this is the reebok of my lifeeee,[]
replacement belting for the reebok edge reom one one three zero one is one of our top sellers many home treadmill users are extending the life of their home running machines with our one or two ply euroglide belting check it out at,[]
reebok club c eight five tennis sneaker women s size nine m chalk new msrp dollars seven five e bay sneakers,"['#eBayðŸ‡ºðŸ‡¸', '#Sneakers']"
reebok club c legacy grey now available size four zero four five price three five zero zero zero,[]
girl jcp i get my reebok ua amp puma there for like two zero dollars with the right sales i get mens,[]
i think i know the answer to this one the nba designates the lakers gold as pantone one two three c however the custom cmyk breakdown of this color that the nba uses matches one two three five c a darker more orange y gold reebok adidas matched to one two three five while nike matches to one two three pacers same,[]
dollars three zero off the reebok omni lite ii nine zeros rule free shipping buy here,[]
dollars one five zero four reg dollars two one four eight reebok baby girl s jacket bodysuit and track pants three piece set sizes zero three two four months ad,[]
check out this listing i just added to my poshmark closet nfl reebok aaron rodgers green bay packers green men size medium shirt shopmycloset,"['#Poshmark', '#shopmycloset']"
major collab update our team just got off our threerd meeting with representatives from reebok discussing a possible clothing collab and drop for the meta wearables that will be coming in roadmap two zero stay tuned the airdrop coming march two sixth two four hours before the pre sale,[]
money color peacock thuggin in my reebok s cut the dreads amp re lock,[]
reebok slice available in four colors size four zero four five price n two nine zero zero zero,[]
i m no marketing expert but if i was steph curry s sponsor or i d probably look at the passion and fan base of iowa hawkeyes and get an nil with,[]
i m tired of hearing about money money money money money i just want to play the game drink pepsi wear reebok shaquille o neal oftentimes just doing the work you enjoy without any strings attached is the best outcome happymonday,['#HappyMondayðŸŒ»']
we ve seen the return of classic brand meyba with fc twente and now the upcoming return of mizuno to european football with lazio there are rumblings of reebok coming back too however in south america who else might come back and who would you like to see come back,[]
so when did every comic book issue published between one nine eight eight and one nine nine six become a key issue first appearance of peter parker s reebok pumps bought on sale and she hulk s preference for dannon yogurt strawberry revealed and whatnot,[]
check out this listing i just added to my poshmark closet three dollars one eight reebok xs gray running pants straight leg workout lean shopmycloset,"['#Poshmark', '#shopmycloset']"
couldn t pay me to be with you while you re wearing those reebok sneakers sorry my love,[]
it s the reebok crosstrainer zr eight pretty basic model but does the job only complaint is that the heart rate can only be monitored through the fixed handles,[]
hmm true never used them though are they good i usually go for reebok puma or new balance my favourite is new balance but it is too expensive for me at least these days,[]
dont order online india you will not get a refund for your returns the customer care will not reply to your emails the contact center agents will give you conflicting answers pathetic experience at,[]
reebok nfl men s zipper jacket size l g g san diego chargers windbreaker new e bay men activewear jackets,"['#eBayðŸ‡ºðŸ‡¸', '#Men', '#Activewear', '#Jackets']"
reebok step seven four nine seven euros euros,[]
so good i had to share check out all the items i m loving on poshmark fashion style shopmycloset reebok starbucks torrid,"['#poshmark', '#fashion', '#style', '#shopmycloset', '#reebok', '#starbucks', '#torrid:']"
i could raise a reebok like its the golden girl of hephaestus,[]
new stock mtumba authentic shoes converse all star uk seven bugatti uk nine five adidas campus uk eight reebok classics uk eight dm app call zero seven five nine four nine five one three zero price two five zero zero,[]
st louis rams one nine three seven club snap button blue gold embroidery wool jacket l reebok ebay,[]
reebok vintage poster stimulating the three layers of your brain neurojustification nmktrch m k t i n g n e u r o xperiential mkt,"['#Neurojustification', '#NMKTRCH', '#MKTINGNEURO', '#XperientialMkt']"
hello please reply about my order payment date zero one zero one two zero two two email mobile nine one nine eight three one five seven six nine four four,[]
red fashion reebok women s princess sneaker pink white gold metallic five m us i love red red fashion red clothes red lingerie,"['#RedFashion', '#RedClothes', '#RedLingerie']"
the consumer is saying product returned but refund not given by reebok india consumer complaint filed against reebokindia,"['#Reebok', '#ReebokIndia']"
reebok slice trainers available in four variations promo one zero discount phone whatsapp zero eight zero three nine five six two four one nine telegram pls send dm nationwide delivery,[]
reebok official women s day sale live minimum six zero off one zero prepaid off on order value of rs one zero zero zero link,[]
reebok official women s day sale live minimum six zero off one zero prepaid off on order value of rs one zero zero zero inrdeals buy now,[]
new post in reebok official women s day sale live minimum six zero off one zero prepaid off on order value of rs one zero zero zero inrdeals buy now,[]
authentic brands plans to get reebok in the nft amp crypto payments game,[]
this is why i love thrifting you never know what you re going to get i got these when i went thrift shopping in baguio minions and tom and jerry reebok pumps and a cortez i got it all for less than fivek fourk php exactly or around seven five dollars aaaaa ukay forever labyu,[]
so good i had to share check out all the items i m loving on from poshmark fashion style shopmycloset reebok goldenthreads youins,"['#poshmark', '#fashion', '#style', '#shopmycloset', '#reebok', '#goldenthreads', '#youins:']"
reebok women s sports bra down to dollars nine five zero amazon,[]
this ain t payless stepping reebok checks tht i receive,[]
check out this listing i just added to my poshmark closet nfl san diego chargers reebok baseball flex fit cap nwt shopmycloset,"['#Poshmark', '#shopmycloset']"
are you getting caught up in the nft world the company plans to release nfts and accept crypto payments,[]
reebok classic toddler us seven eur two three five baby sneakers leather rose gold white used e bay kids baby toddler,"['#eBay', '#Kids', '#Baby', '#Toddler']"
look back in the day if weren t hitting footlocker for the two for dollars eight zero on these reebok classics you missed out kept a clean pair lol,[]
check out this listing i just added to my poshmark closet four dollars two five reebok capris running legging size medium shopmycloset,"['#Poshmark', '#shopmycloset']"
ad reebok question mid pink toe for only dollars one zero nine nine eight shipping buy here gt,[]
the amount of nice athletic tank tops at goodwill right now is amazing is this that point in time where everyone gave up on exercise just got a ton of nike nb and reebok in tags on new condition for dollars five zero,[]
the pink toe reebok question mid retro is on sale for dollars one zero nine nine eight shipping select sizes under one two remain promotion b u y here gt,['#promotion']
jordan five s probably can t get them anymore can t get original nike air force ones or original reebok i three s either best believe i have multiple pairs of both of those in the original shoebox ready to go,[]
reebok nhl columbus blue jackets hat adjustable slouch cap reebok n h l columbus blue jackets hat adjustable slouch n f l football n f lfans hurry up to get it for the best price,"['#Reebok', '#NHL', '#Columbus', '#Blue', '#Jackets', '#Hat', '#Adjustable', '#Slouch', '#NFL', '#Football', '#NFLfans']"
ad stay radical available via reebok w club c double geo alabaster soft ecru dollars nine zero free shipping gt gt,[]
cheers greg no plans to move any of this lot on but will let you know if that changes if you fancy any of the more recent stuff i ve got these two at the moment and a load of the late nine zeros early zero zeros reebok training shirts and polos give me a shout if you want pics,[]
reebok paid millions of dollars to become the official olympic partner but when the people were asked who is the olympic official sponsor the majority said nike nike just did it but how how did nike approach the olympics marketing,[]
the pics of the fastest man in the world together with his gold nikes were seen all around the world a great marketing campaign for the olympic sponsor but the thing is nike was not an official olympic sponsor was,[]
reebok pump omni zone ii mens size one zero dm for price reebok omnipump omnipumps reebokclassic denver colorado,"['#reebok', '#omnipump', '#omnipumps', '#reebokclassic']"
reebok palace victory g mens size one zero uk streetwear collaboration from palace skateboards two zero two two spring release dm for price reebok palaceskateboards victoryg denver colorado,"['#reebok', '#palaceskateboards', '#victoryg']"
all the hustlers in dc amp pg bought nb s back in the late eight zero s amp early nine zero s because they were more expensive than nike adidas amp reebok what started out as a flex for dope boys became a major trend through out the city,[]
instead of paying millions for exclusive sponsorship they did something else nike bought all available billboards and advertising spaces around the olympic venues and the swoosh was picked up by tv broadcasts and seen in households worldwide,[]
reebok paid millions of dollars to become the official olympic partner but when the people were asked who is the olympic official sponsor the majority said nike nike just did it but how how did nike approach the olympics marketing,[]
the pics of the fastest man in the world together with his gold nikes were seen all around the world a great marketing campaign for the olympic sponsor but the thing is nike was not an official olympic sponsor was,[]
j eight playoff one three sz one one reebok sz one one five both vnds og all dollars three two five shipping for both,[]
ad under retail via reebok us reebok victory rich ochre use code getmore for dollars one zero four free shipping retail dollars one three zero gt gt,[]
all rappers lie master p said he was buying reebok bitch sold for two five billion,[]
reebok club cs are my favourite sneakers at the moment comfortable as hell and very versatile probably going to get another pair soon,[]
doing fine lmao what about the tickets and cheap reebok shoes she can t sell out it s always payola when it comes to music but y all love to live in denial yo,[]
reebok fuel foam sizes four zero four five price two eight zero zero zero location lagos whatsapp pls send dm nationwide delivery adekunle gold simi,"['#28,000']"
reebok didnt pay him he volunteered,[]
stupid staff in the outlet store said we would get additional one five if we signed up we got to the payment and we re told it s not guaranteed poor trainstaff wasteoftime reebok underarmour,"['#poor', '#trainstaff', '#wasteoftime', '#reebok', '#underarmour']"
reebok cl nylon sneaker basse homme a soli five two four five euros,[]
reebok cl nylon sneaker basse homme juste five two four five euros,[]
us lot turn out to ice station reebok week in week out and it s always freezing there even in summer bwfc,['#bwfc']
reebok women s sports bra down to dollars nine five zero amazon,[]
three the big marketing machine one nine nine two inks historic seven year dollars four zerom rookie deal after being drafted no one overall one nine nine two signs dollars one fivem endorsement deal with reebok one nine nine three releases debut album on jive as part of dollars one zerom record deal one nine nine six banks dollars sevenm starring in kazaam,[]
that day i cut ties with reebok he said of forgoing a dollars four zero million deal he had with the brand following a moment of clarity i said keep the money this ain t right i ll still wear the shoes i do during the season but i ll be looking to do my own thing shaq,[]
oferta amazon reebok step four one eight seven euros antes eight zero three two euros,"['#Oferta', '#Amazon']"
reebok club c revenge vintage is available now online at bodega free usa shipping on orders over dollars one five zero use code shipping two zero two two reebok bodega,"['#reebok', '#bodega']"
happy five zeroth birthday of the big diesel who charged the game forever and had some of the best signature reebok sneakers,[]
buffalo bills drew bledsoe vintage reebok authentic nfl football jersey large,[]
save money on reebok gear with our exclusive discount code receive an additional one five off on your stringerssociety,['#stringerssociety']
rekordtief reebok damen ridgerider six zero walking schuh quartz glow core black atomic pink nur three nine nine five euros,[]
myles give me a challenge or goal to reach in order to receive a case of from you or a something signed i assume we are designing the flash garrett signature shoes browns,"['#FlashGarrett', '#Browns']"
buffalo sabres two zero zero seven one zero buffaslug home reebok edge size five two dollars one five zero usd shipping,[]
her charm is beautiful like rihanna i wasn t born in october but i work for you you also your ass up asap c note i get it add it up for addy up i was addicted to her wings she is a peacock ice on my body is cold so i need prada pea coat my sneakers are demna reebok,[]
sale dollars three nine nine nine free shipping women s reebok classic legacy retail dollars eight zero p one p two p three p four ad,['#Ad']
check out this listing i just added to my poshmark closet reebok retro classic all white iridescent sneakers size eight shopmycloset,"['#Poshmark', '#shopmycloset']"
we will prob see cardi in these bc if her deal with reebok amp i cannot wait to see how they style her,[]
years being the top dollars earning female rapper each year nicki one one years straight cardi error not on the list even after whip shots selling dolls collaborated with reebok collaborated with fashion nova cardi flop,[]
are you getting caught up in the nft world the company plans to release nfts and accept crypto payments,[]
gawd i look so different without my goatee i feel kinda naked going out for a run now run oott blue accel reebok kalenji runner selfie philippines pinoy,"['#run', '#oott', '#blue', '#accel', '#reebok', '#kalenji', '#runner', '#selfie', '#Philippines', '#Pinoy']"
so good i had to share check out all the items i m loving on from poshmark fashion style shopmycloset papaya reebok,"['#poshmark', '#fashion', '#style', '#shopmycloset', '#papaya', '#reebok:']"
check out green bay packers aaron kampman reebok on field replica jersey adult xlarge nwot reebok via,['#Reebok']
its where i got my la gear pumps because the reebok pumps were too expensive,[]
check out green bay packers aaron rodgers reebok on field super bowl four five jersey youth one zero one two reebok via,['#Reebok']
just wanted to say i have a pair of reebok classics and they aren t being made how they used to the leather on them now is a hard type of leather they just go hard it use to be a soft leather that moulded around your feet don t think i will be buying them any more,[]
check out vintage washington capitals reebok youth l xl on ice replica jersey new wo tags reebok via,['#Reebok']
check out this listing i just added to my poshmark closet sale reebok men s workout pants shopmycloset,"['#Poshmark', '#shopmycloset']"
tsv universal treadmill magnet safety key for all nordictrack proform image weslo reebok epic golds gym freemotion and healthrider treadmills learn more exercise fitness outdoors sports,"['#Exercise', '#Fitness', '#Outdoors', '#Sports']"
reebok x ghostbusters instapump fury mu dollars eight five via end clothing us shop here uk six uk one one ballshoesguide r e e b o k x g h o s t b u s t e r s i n s t a p u m p f u r y m u,"['#ballshoesguide', '#REEBOKXGHOSTBUSTERSINSTAPUMPFURYMU']"
reebok x ghostbusters instapump fury are on sale five zero off no code needed click here to order gt,[]
reebok nhl columbus blue jackets hat adjustable slouch cap reebok n h l columbus blue jackets hat adjustable slouch n f l football n f lfans hurry up to get it for the best price,"['#Reebok', '#NHL', '#Columbus', '#Blue', '#Jackets', '#Hat', '#Adjustable', '#Slouch', '#NFL', '#Football', '#NFLfans']"
cincinnati bengals nfl embroidered hoodie sweatshirt men s size twoxl nfl bengals cincy cincinnati cincinnatibengals whodey queencity nflfootball ebay forsale reebok sweatshirt,"['#NFL', '#Bengals', '#cincy', '#cincinnati', '#cincinnatibengals', '#whodey', '#Queencity', '#nflfootball', '#Ebay', '#forsale', '#Reebok', '#Sweatshirt']"
ufc ronda rousey males s script group neck t shirt wwe champion mma hairytornado trending ebay business dollars one zero zero gol follow us on freestuff drofvideo trending preown mokemoney two zero two two mettaverse,"['#hairytornado', '#Trending', '#EbayBusiness', '#Gol', '#freestuff', '#drofvideo', '#trending', '#preown', '#mokemoney2022', '#mettaverse']"
great sunday friends dancer dance tiktok humanrights reebokgermany l o v e m y s p o n s o r dancer reebok reebokeurope,"['#sunday', '#Friends', '#dancer', '#Dance', '#tiktok', '#humanrights', '#Reebokgermany', '#LOVEMYSPONSOR', '#dancer', '#Reebok', '#reebokeurope']"
abg completed the acquisition of reebok from adidas for dollars two four sixbn,[]
the reebok instapump fury zone acid yellow drops this month releasing alongside the recently previewed reebok instapump fury zone brazen berry here is an official look at the upcoming reebok instapump fury zone acid yellow the spiffy,['#spiffy']
reebok womens hooded gray size large l full zip fleece lined jacket dollars one three zero three nine six e bay women coats jackets vests,"['#eBayðŸ‡ºðŸ‡¸', '#Women', '#Coats', '#Jackets', '#Vests']"
reebok training shoes dollars three nine nine nine,[]
reebok slice trainers with an ortholite sockliner promo one zero discount phone whatsapp zero eight zero three nine five six two four one nine telegram pls send dm nationwide delivery,[]
i need to get back to being a top dj producer this year but business is just standing on my way if i m not taking a meeting i m designing a sneaker or jeans and female dresses or i m designing a marketing plan for reebok or i m working on a property i m frustrated,[]
flat seven five off on r e e b o k clothing men women flat seven five off on p u m a clothing men women shop for three zero zero zero amp get three zero zero cashback,"['#REEBOK', '#PUMA']"
banning russian cats from competition google pay microsoft window visa master card reebok nike thy all stoped working in russia is it moral duty and wht abt thy are doin business in china where the govt officials raping muslim women so technically its doent come in morality,[]
zero nine dollarssol our first auction is pumping like a pair of reebok s from the nine zero s lfg solana n f ts,['#SolanaNFTs']
check out reebok flashfilm train size one two mens white black silver reebok sneaker via,"['#Reebok', '#Sneaker']"
i ll never forget what the reebok executive said after meeting with lebron who turned down a dollars one zerom check to sign with them he was one seven but he was a man,[]
reebok men s or women s nano x reduced from dollars one three zero zero zero to dollars five five deals new deals discounts follow for latest deals,"['#Deals', '#newDeals', '#Discounts']"
reebok men s or women s nano x reduced from dollars one three zero zero zero to dollars five five deals new deals discounts follow for latest deals,"['#Deals', '#newDeals', '#Discounts']"
reebok women s sports bra down to dollars nine five zero amazon,[]
check out this listing i just added to my poshmark closet five dollars three five reebok speedwick athletic capris size small shopmycloset,"['#Poshmark', '#shopmycloset']"
check out this listing i just added to my poshmark closet three for dollars two zero men s reebok gray workout tee shopmycloset,"['#Poshmark', '#shopmycloset']"
check out this listing i just added to my poshmark closet three for dollars two zero men s reebok blue workout tee shopmycloset,"['#Poshmark', '#shopmycloset']"
authentic brands plans to get reebok in the nft amp crypto payments game,[]
check out san diego chargers reebok youth hoodie size medium one zero one two reebok san diego chargers via,"['#Reebok', '#SanDiegoChargers']"
ad don t let anything stand in your way available via reebok us reebok instapump fury x gore tex infinium acid yellow vector red dollars two zero zero free shipping and returns gt gt,[]
reebok men s nanox one cross trainer shoes only dollars six five at amazon reg dollars one three zero save five zero coupon,['#coupon']
reebok two fo dollars eight nine,[]
new balance or reebok are cheap and drip,[]
money color peacock thuggin in my reebok cut the dreads amp relock,[]
reebok s puremove is the bra of the future bitcoin news,"['#news', '#tranding']"
authentic brands plans to get reebok in the nft amp crypto payments game,[]
does anybody remember a shoe commercial probably nike maybe reebok from circa one nine nine five where a playground legend whose name i can t recall would shoot from way outside spread his arms and say i shoot like a god am i making this up help,[]
aren t those the reebok limited edition richard simmons aerobic sneaker i had a pair,[]
ad under retail via reebok us reebok shaqnosis damenosis use code getmore for dollars one two zero free shipping retail dollars one five zero gt gt,[]
and that reebok shoes still on clearance at ross for dollars two seven with a double mark red tag btw,[]
when walmart has fleece reebok hoodies for dollars one zero gt gt gt gt gt,[]
the reebok classic in a white and gold colour way were like being a living deity,[]
dollars two two zero zero reebok florida panthers center ice locker room snapback adjustable hat reebok florida panthers center ice locker room snapback n f l football n f lfans hurry up to get it for the best price,"['#Reebok', '#Florida', '#Panthers', '#Center', '#Ice', '#Locker', '#Room', '#Snapback', '#NFL', '#Football', '#NFLfans']"
japanese label mountain research is dropping a stealth black colorway of reebok s aliens shoe,[]
aye did nike tell us what shorts we wearing this summer so i can go buy the reebok version cheaper,[]
ad under retail via lvr beams x reebok club c laceless mule dollars seven six free returns retail dollars one two zero add to cart to get price gt gt exit and click link again if page is down,[]
brand new original reebok sneakers sizes four zero four four free delivery within nairobi cbd place your order now facebook page twitter instagram incrediblefootwear incredible sneakers ke,"['#IncredibleFootWear', '#IncredibleSneakersKe']"
ad under retail via reebok us reebok victory always yellow purple abyss use code getmore for dollars one zero four free shipping gt gt,[]
reebok jerseys feel weird compared to adidas ones,[]
amazon nine one five nine nine reebok royal complete cln two zapatillas de deporte unisex adulto cloud white black bright cobalt four zero eu three five zero zero euros five zero zero zero euros,['#Amazon']
reebok women s sports bra down to dollars nine five zero amazon,[]
a guy who helped run big shoe company reebok and big dollar store dollar general during his career has thoughts on big tech,[]
sale nwt women s large reebok navy blue green lightwt athletic track wind jacket e bay women coats jackets vests,"['#eBayðŸ‡ºðŸ‡¸', '#Women', '#Coats', '#Jackets', '#Vests']"
buy more save more on reebok us two zero off one two items three zero off three items four zero off four items use code getmore in cart shop new shop sale ad,"['#Reebok', '#ad']"
reebok basketball query mid x scorching ones allen iverson crimson gv seven zero nine three mens dimension three nine three eight four one nine nine one six seven nine reebok hairytornado trending ebay business ebay golf dollars one zero zero gol follow us on,"['#hairytornado', '#Trending', '#EbayBusiness', '#EbayGolf', '#Gol']"
bro me and nike this summer are having a long discussion i m six zero bringing back reebok classics if they don t behave,[]
ebay ebayfinds v i n t a g e reebok nfl green bay packers logo hat adjustable strapback cap green go pack go availablenow shopmycloset saturday motivation saturday thoughts saturdayvibe saturdays fashionstyle classic shopnow shoponline,"['#ebay', '#ebayfinds', '#VINTAGE', '#Reebok', '#GreenBayPackers', '#Strapback', '#GoPackGo', '#availablenow', '#shopmycloset', '#SaturdayMotivation', '#SaturdayThoughts', '#Saturdayvibe', '#Saturdays', '#fashionstyle', '#fashion', '#Classic', '#shopnow', '#shoponline']"
sole mates cesar idrobo and the reebok instapump fury,[]
couldn t sell out reebok but literally lied and told ya she did only for them to be sold in ross for dollars three zero capsules don t get restocked hence why you haven t heard her saying hey guys i restocked the shoes and the new ones still at reebok hun collecting dust soon going two ross,[]
reebok florida panthers flex mesh back slouch hat lxl ew four threez reebok florida panthers flex mesh back slouch hat n f l football n f lfans hurry up to get it for the best price,"['#Reebok', '#Florida', '#Panthers', '#Flex', '#Mesh', '#Back', '#Slouch', '#Hat', '#NFL', '#Football', '#NFLfans']"
sole mates cesar idrobo and the reebok instapump fury sneakers,['#sneakers']
reebok amp new balance shoes r so underrated,[]
sole mates cesar idrobo and the reebok instapump fury lt,[]
matt murray pittsburgh penguins two zero one seven stadium series reebok premier size l dollars one seven five usd shipping,[]
recouped what ya fav came out with whip shots collaborated wit fashion nova reebok sold them ugly dolls and yet nicki still outsold her nicki is motha,[]
pittsburgh penguins two zero one seven stadium series reebok premier note this jersey has a pull in the neckline next to the nhl logo as pictured size xl dollars one five zero usd shipping,[]
i knew that deal in king richard was some bs glad came through with one two mil,[]
money color peacock thuggin in my reebok,[]
reebok coupon code take six zero off reebok s zig kinetica get the details at ddfdealsusa usa bestdeals latestdeals discount sale promo reebok zigkinetica sports,"['#ddfdealsusa', '#usa', '#bestdeals', '#latestdeals', '#discount', '#sale', '#promo', '#reebok', '#zigkinetica', '#sports']"
the wardrobe staff at reebok had a great time designing payne s clothing in those nfl colours until the contract ended in one nine nine five four yrs before his tragic death,[]
still got reebok pump must be more than three zero years old aaah where did the good times go i know it will come as x r p and the x r p l coins will rise again putting some fuel to the rocket go x r d o g e,"['#XRP', '#XRPL', '#XRDOGE']"
it s all my mom would buy me amp my bros social status built on shoes at that age i showed everyone i was lower class funny thing was getting a job meant you could buy your own shoes and clothes my first shoes purchased with my own money were reebok blacktop,[]
check out green bay packers jermichael finley reebok jersey tshirt adult large with tags reebok via,['#Reebok']
matthew is six feet tall medium build with tightly cut ginger hair he was last seen wearing a dark blue fleece blue reebok tracksuit bottoms and black white reebok trainers two three,[]
no problem and yeah i get what you mean you can get classic shirts but they don t look right with out the adidas or reebok logo etc do they,[]
two zero zero five zero six liverpool long sleeved away shirt size twoxl available to buy from lfc reds y n w a allezallezallez anfield premier league p l champions league u c l uefachampionsleague f a cup emirates f a cup reebok carlsberg jersey foursale,"['#Liverpool', '#LFC', '#Reds', '#YNWA', '#allezallezallez', '#Anfield', '#PremierLeague', '#PL', '#ChampionsLeague', '#UCL', '#uefachampionsleague', '#FACup', '#EmiratesFACup', '#reebok', '#Carlsberg', '#jersey4sale']"
the reebok instapump fury zone acid yellow drops this month releasing alongside the recently previewed reebok instapump fury zone brazen berry here is an official look at the upcoming reebok instapump fury zone acid yellow the reebok instapump fury z,[]
r t a bunch of the reebok nano xs can be had for a borderline insane discount,['#RT']
new reebok available in sizes four zero four five price three zero zero zero zero free delivery,[]
what s on your feet reebok floatride run fast,['#Reebok']
check out this listing i just added to my poshmark closet sale reebok classics nwot shopmycloset,"['#Poshmark', '#shopmycloset']"
a bunch of the reebok nano xs can be had for a borderline insane discount,[]
r t a bunch of the reebok nano xs can be had for a borderline insane discount,['#RT']
reebok men s or women s nano x training shoe select colors dollars five five free shipping,[]
reebok women s sports bra down to dollars nine five zero amazon,[]
reebok slice cvs grey red colorway available in size four zero four five price n three zero zero zero zero nationwide delivery to order send a dm whatsapp please retweet,[]
dollars one eight seven four reebok columbus blue jackets structured flex hat lxl tx seven sixz reebok columbus blue jackets structured flex hat l x l n f l football n f lfans hurry up to get it for the best price,"['#Reebok', '#Columbus', '#Blue', '#Jackets', '#Structured', '#Flex', '#Hat', '#LXL', '#NFL', '#Football', '#NFLfans']"
a bunch of the reebok nano xs can be had for a borderline insane discount,[]
eames reebok club c white cold grey on sale for dollars one one eight retail dollars one two zero free shipping sizes eight one three available a d,['#AD']
men s polo tshirt upto nine zero off menswear discountoffer discountcode men shirt india amazon india amazon amazon i n reebok allen solly mens polo clothingline shopping online ecommercestore,"['#polo', '#tshirt', '#menswear', '#discountoffer', '#discountcode', '#men', '#shirt', '#India', '#AmazonIndia', '#Amazon', '#AmazonIN', '#Reebok', '#AllenSolly', '#MensPolo', '#clothingline', '#shopping', '#online', '#ecommercestore']"
also i kinda need money bcs im moving out soon so does anyone interested buying my ten reebok signed postcard,[]
check out this listing i just added to my poshmark closet nfl reebok super bowl xlv packers vs steelers two zero one one os shopmycloset,"['#Poshmark', '#shopmycloset']"
up to five zero off mens and womens sale items all users use couponcode to get discount,"['#couponcode', '#discount']"
node project on bsc farms and other services nft game to earn crao providing new services whitelist presale listing at cmc and coingecko research and development tg twitter,[]
bape x reebok collection available now free shipping bape x reebok club c available for dollars one four one retail dollars one five zero bape x reebok instapump fury available for dollars one nine six retail dollars two zero zero a d,['#AD']
warm socks undergarments and blankets for ukrainian refugees please billionaire companies i challenge you all,[]
it s feeling like short skirts t shirts red reebok season already,[]
reebok victory g is available now online at bodega free usa shipping on orders over dollars one five zero use code shipping two zero two two reebok bodega,"['#reebok', '#bodega']"
node project on bsc farms and other services nft game to earn crao providing new services whitelist presale listing at cmc and coingecko research and development tg twitter,[]
reebok women s hoodie only dollars two two at amazon reg dollars five five save six zero coupon,['#coupon']
reebok new shoes has the baphomet goat feet satanic,['#Satanic']
mountain research x reebok alien stomper releases march one fiveth mountain research x reebok alien stomper color core black footwear white core black style code gx one three eight five release date march one five two zero two two price dollars one eight zero,[]
node project on bsc farms and other services nft game to earn crao providing new services whitelist presale listing at cmc and coingecko research and development tg twitter,[]
baby nicki outsold in two zero eight zerominutes your favs new reebok shoes are going for sale for two nine nine nine at ross don t come for nicki,[]
node project on bsc farms and other services nft game to earn crao providing new services whitelist presale listing at cmc and coingecko research and development tg twitter,[]
reebok women s sports bra down to dollars nine five zero amazon,[]
ad cop or drop available via lvr human rights now x reebok club c eight five dollars six four free returns add to cart to get price white gt gt black gt gt exit and click link again if page is down,[]
probably need a pair of reebok s,[]
g unit clothing reebok deal more money than all of your album sales combine who s the loser you went from dickriding drake kanye kendrick ross weezy clout chaser,[]
ad a tennis classic brought to new life available via reebok us reebok lt court chalk always yellow dollars one zero zero free shipping gt gt,[]
reebok men s or women s nano x new price dollars five five zero zero deals new deals discounts follow for latest deals,"['#Deals', '#newDeals', '#Discounts']"
reebok men s or women s nano x new price dollars five five zero zero deals new deals discounts follow for latest deals,"['#Deals', '#newDeals', '#Discounts']"
check out this listing i just added to my poshmark closet reebok mens sz one three one cushion three nite sneakers running shoes white silver shopmycloset,"['#Poshmark', '#shopmycloset']"
check out this listing i just added to my poshmark closet reebok mens sz one three one cushion three nite sneakers running shoes white silver shopmycloset,"['#Poshmark', '#shopmycloset']"
get reebok nano x one shoes for dollars nine nine nine nine reg up to dollars one six zero,[]
with nike going hard on their dtc plan there is a huge opportunity for other brands to capitalize on nike s strategy trends will grow from communities buying different brands if i m nb puma reebok adidas etc i m excited,[]
check out this listing i just added to my poshmark closet green bay packers reebok equipment clay matthews xxl five two jersey embroidered shopmycloset,"['#Poshmark', '#shopmycloset']"
check out this listing i just added to my poshmark closet reebok green bay packers aaron rodgers womens rhinestone jersey small s nfl shopmycloset,"['#Poshmark', '#shopmycloset']"
reebok cl nylon sneaker basse homme a soli four zero three six euros,[]
reebok cl nylon sneaker basse homme juste four zero three six euros,[]
amazon nine one five one three reebok flashfilm train two zero zapatillas de entrenamiento hombre multicolor cold grey one cold grey three acid yellow four four three four five eu three eight zero zero euros seven five zero zero euros,['#Amazon']
check out this listing i just added to my poshmark closet reebok nfl chargers racerback tank sz twox shopmycloset,"['#Poshmark', '#shopmycloset']"
reebok slice trainers leather face promo one zero discount phone whatsapp zero eight zero three nine five six two four one nine telegram pls send dm nationwide delivery,[]
reebok classic trainers t toe construction promo one zero discount phone whatsapp zero eight zero three nine five six two four one nine telegram pls send dm nationwide delivery,[]
to my father king and i have met my quota many times over i own incorporated because of it i would like to buy queen trap contract and player trap contract,[]
on that note just grabbed some all black workout lows i guess i ll just be skating those forever since nothing else fits still haven t skated the same pair twice but that s gonna be hard to avoid soon since reebok isn t making the workout lows mids anymore,[]
huh he turned down dollars four zeromm from reebok had multiple fast food endorsements music and films going during his playing days sounds marketable to me,[]
reebok reebok royal glide ripple clip zapatillas de running hombre six four nine five euros euros,[]
mountain research teams up with reebok on a stealth black colorway of the alien stomper,[]
with nike pulling out of most stores amp reebok seeing it as a play for growth it leaves me to wonder how foot locker will have to reposition themselves as a brand are they going from mainstream to value will a rebooted reebok be enough to keep momentum,[]
reebok rewind run restocked sizes four zero to four four price three three zero zero,[]
led reebok venum shorts coming so fighters can become human billboards,[]
yeah the reebok s were on sale so i went with it lol,[]
i love them i m usually a reebok nano girl but i ve been wanting a pair of no bull for a long time just couldn t justify the price but as a gift i ll take them,[]
check out this listing i just added to my poshmark closet reebok short sleeved white amp gold front pocket t shirt shopmycloset,"['#Poshmark', '#shopmycloset']"
can your cs team revert on a mail two reminders done but didn t get a single revert and also called your customer care so many times but they are also not able to solve my problem wrost service,['#Wrost_Service']
i wear nike shoes and reebok leggings probably twice a week while working out,[]
please help this high school baseball team by donating whatever you can the baseball athletic budget barely covers the cost for umpires officiating games which leaves very little for the student athletes thank you,[]
another sample featuring reebok liquifect a gel type of cushioning that i was personally not familiar with but they definitely feel very good and comfortable,[]
adidas puma reebok asics fouruk price rm seven five inc postage wa zero one eight three two six six four six five for more details,[]
nike should just raise prices to resellers prices that will weed all people out and end resellers they will be forced to sell pumas nb adidas and reebok hahahahaha imagine retros at dollars four zero zero hahahahaha we would get em sent to outlets,[]
amp consumer products announced a two part reebok x looney tunes footwear amp apparel collaboration visit urban lifestyle with the link below to find out more about the collaboration amp to also check it out fashion looney tunes,"['#ReebokXLooneyTunes', '#footwear', '#apparel', '#UrbanLifestyle', '#Fashion', '#LooneyTunes']"
dollars two four zero zero reebok florida panthers structured adjustable snap back hat osfa vg nine twoz reebok florida panthers structured adjustable snap back hat n f l football n f lfans hurry up to get it for the best price,"['#Reebok', '#Florida', '#Panthers', '#Structured', '#Adjustable', '#Snap', '#Back', '#Hat', '#NFL', '#Football', '#NFLfans']"
super hot deal get it for only dollars four eight zero zero compare amazon dollars seven zero eight zero jd sports dollars one one zero zero zero finish line dollars one one zero zero zero zappos dollars one four nine nine five,[]
fun fact tems is biggest female act in nigeria if not africa two hot one zero zero entries with one top one zero hit twox platinum in us platinum in ca gold in uk soul train award naacp award grammy nomination deal with tommy hilfiger reebok and puma,[]
i love all the cute gym brands as much as the next gal but honestly you can never go wrong with the og classics nike reebok ua adidas always end up circling back to them i also have a spending problem so there s that,[]
random stuffs that i bought because of hwi s endorsement s pleasia toothpastes innisfree clay masks etude house ab sixixxgmarket collab reebok dmx series one two zero zero same colourway as hwi and only available at s korea probably the most expensive thing i bought,[]
nice weekend amigos friends dance kleinigkeit tiktok humanrights reebokgermany l o v e m y s p o n s o r dancer reebok reebokeurope,"['#Weekend', '#amigos', '#Friends', '#Dance', '#kleinigkeit', '#tiktok', '#humanrights', '#Reebokgermany', '#LOVEMYSPONSOR', '#dancer', '#Reebok', '#reebokeurope']"
not been to either but had a more unique feel to it at the reebok,[]
yo reebok slice cvc black size four zero four five price two eight zero zero zero,[]
reebok women amp eight two one seven s slip on shoes dollars three five,['#8217;s']
reebok floatride run fast pro dollars two five zero burgundy blue sz nine fu eight two three eight running shoe racing e bay sneakers,"['#eBayðŸ‡ºðŸ‡¸', '#Sneakers']"
new update reebok slice canvas court now available in store size four zero four five price three zerok please kindly retweet,[]
r t a bunch of the reebok nano xs can be had for a borderline insane discount,['#RT']
grab reebok t shirt seven five off starts two four nine click above to find best deals and offers deals offers cashback discount flipkart amazon festivetreats diwali gadgets products shopping savemoney onlineshopping lighte,"['#deals', '#offers', '#cashback', '#discount', '#flipkart', '#amazon', '#festivetreats', '#diwali', '#gadgets', '#products', '#shopping', '#savemoney', '#onlineshopping', '#lighteâ€¦']"
authentic brands completes reebok acquisition from adidas american brand management conglomerate footwear,['#Footwear']
